book,book_id,relation,question,axis,kind,expand_from,target_relation,resolved,failure_bucket
King Arthur,12753,sibling_of,Who is queen morgan le fay's sibling?,title,anchor_noun,king arthur,sibling_of,True,
King Arthur,12753,sibling_of,Who is king arthur's brother?,title,synonym_noun,king arthur,sibling_of,True,
King Arthur,12753,sibling_of,Who is morgan le fay's sibling?,particle,anchor_noun,king arthur,sibling_of,True,
King Arthur,12753,sibling_of,Who is king arthur's brother?,title,synonym_noun,king arthur,sibling_of,True,
King Arthur,12753,sibling_of,Who is queen of orkney's sibling?,title,anchor_noun,king arthur,sibling_of,True,
King Arthur,12753,sibling_of,Who is king arthur's brother?,title,synonym_noun,king arthur,sibling_of,True,
King Arthur,12753,sibling_of,Who is belisent's sibling?,plain,anchor_noun,king arthur,sibling_of,True,
King Arthur,12753,sibling_of,Who is king arthur's brother?,title,synonym_noun,king arthur,sibling_of,True,
King Arthur,12753,sibling_of,Who is sir key's sibling?,title,anchor_noun,arthur,sibling_of,True,
King Arthur,12753,sibling_of,Who is arthur's brother?,plain,synonym_noun,arthur,sibling_of,True,
King Arthur,12753,sibling_of,Who is sir key's sibling?,title,anchor_noun,arthur,sibling_of,True,
King Arthur,12753,sibling_of,Who is arthur's brother?,plain,synonym_noun,arthur,sibling_of,True,
King Arthur,12753,sibling_of,Who is sir key's sibling?,title,anchor_noun,arthur,sibling_of,True,
King Arthur,12753,sibling_of,Who is arthur's brother?,plain,synonym_noun,arthur,sibling_of,True,
King Arthur,12753,sibling_of,Who is king arthur's sibling?,title,anchor_noun,arthur,sibling_of,True,
King Arthur,12753,sibling_of,Who is arthur's brother?,plain,synonym_noun,arthur,sibling_of,True,
King Arthur,12753,sibling_of,Who is arthur and arthur's sibling?,coordinated,coordinated_possessor,arthur,sibling_of,True,
King Arthur,12753,enemy_of,Who is queen morgan le fay's enemy?,title,anchor_noun,king arthur,enemy_of,True,
King Arthur,12753,enemy_of,Who is king of ireland's enemy?,title,anchor_noun,king arthur,enemy_of,True,
King Arthur,12753,enemy_of,Who is king of ireland's enemy?,title,anchor_noun,king arthur,enemy_of,True,
King Arthur,12753,enemy_of,Who is giant's enemy?,plain,anchor_noun,king arthur,enemy_of,True,
King Arthur,12753,enemy_of,Who is giant's enemy?,plain,anchor_noun,king arthur,enemy_of,True,
King Arthur,12753,enemy_of,Who is giant's enemy?,plain,anchor_noun,king arthur,enemy_of,True,
King Arthur,12753,enemy_of,Who is giant's enemy?,plain,anchor_noun,king arthur,enemy_of,True,
King Arthur,12753,enemy_of,Who is flollo's enemy?,plain,anchor_noun,king arthur,enemy_of,True,
King Arthur,12753,enemy_of,Who is king arthur and king arthur's enemy?,coordinated,coordinated_possessor,king arthur,enemy_of,True,
King Arthur,12753,companion_of,Who is merlin's companion?,plain,anchor_noun,king arthur,companion_of,True,
King Arthur,12753,companion_of,Who is merlin's companion?,plain,anchor_noun,king arthur,companion_of,True,
King Arthur,12753,companion_of,Who is merlin's companion?,plain,anchor_noun,king arthur,companion_of,True,
King Arthur,12753,companion_of,Who is merlin's companion?,plain,anchor_noun,king arthur,companion_of,True,
King Arthur,12753,companion_of,Who is merlin's companion?,plain,anchor_noun,king arthur,companion_of,True,
King Arthur,12753,companion_of,Who is merlin's companion?,plain,anchor_noun,king arthur,companion_of,True,
King Arthur,12753,companion_of,Who is merlin's companion?,plain,anchor_noun,king arthur,companion_of,True,
King Arthur,12753,companion_of,Who is merlin's companion?,plain,anchor_noun,king arthur,companion_of,True,
King Arthur,12753,companion_of,Who is king arthur and king arthur's companion?,coordinated,coordinated_possessor,king arthur,companion_of,True,
King Arthur,12753,relative_of,Who is hoel's relative?,plain,anchor_noun,king arthur,relative_of,True,
King Arthur,12753,relative_of,Who is hoel's relative?,plain,anchor_noun,king arthur,relative_of,True,
King Arthur,12753,relative_of,Who is hoel's relative?,plain,anchor_noun,king arthur,relative_of,True,
King Arthur,12753,relative_of,Who is hoel's relative?,plain,anchor_noun,king arthur,relative_of,True,
King Arthur,12753,relative_of,Who is duchess's relative?,plain,anchor_noun,king arthur,relative_of,True,
King Arthur,12753,relative_of,Who is king of north wales's relative?,title,anchor_noun,king arthur,relative_of,True,
King Arthur,12753,relative_of,Who is king leodegrance's relative?,title,anchor_noun,king arthur,relative_of,True,
King Arthur,12753,relative_of,Who is king leodegrance's relative?,title,anchor_noun,king arthur,relative_of,True,
King Arthur,12753,relative_of,Who is king arthur and king arthur's relative?,coordinated,coordinated_possessor,king arthur,relative_of,True,
King Arthur,12753,spouse_of,Who is queen guinevere's spouse?,title,anchor_noun,king arthur,spouse_of,True,
King Arthur,12753,spouse_of,Who is king arthur's husband?,title,synonym_noun,king arthur,spouse_of,True,
King Arthur,12753,spouse_of,Who is queen guinevere's spouse?,title,anchor_noun,king arthur,spouse_of,True,
King Arthur,12753,spouse_of,Who is king arthur's husband?,title,synonym_noun,king arthur,spouse_of,True,
King Arthur,12753,spouse_of,Who is queen guinevere's spouse?,title,anchor_noun,king arthur,spouse_of,True,
King Arthur,12753,spouse_of,Who is king arthur's husband?,title,synonym_noun,king arthur,spouse_of,True,
King Arthur,12753,spouse_of,Who is queen guinevere's spouse?,title,anchor_noun,king arthur,spouse_of,True,
King Arthur,12753,spouse_of,Who is king arthur's husband?,title,synonym_noun,king arthur,spouse_of,True,
King Arthur,12753,spouse_of,Who is queen guinevere's spouse?,title,anchor_noun,king arthur,spouse_of,True,
King Arthur,12753,spouse_of,Who is king arthur's husband?,title,synonym_noun,king arthur,spouse_of,True,
King Arthur,12753,spouse_of,Who is queen guinevere's spouse?,title,anchor_noun,king arthur,spouse_of,True,
King Arthur,12753,spouse_of,Who is king arthur's husband?,title,synonym_noun,king arthur,spouse_of,True,
King Arthur,12753,spouse_of,Who is queen guinevere's spouse?,title,anchor_noun,king arthur,spouse_of,True,
King Arthur,12753,spouse_of,Who is king arthur's husband?,title,synonym_noun,king arthur,spouse_of,True,
King Arthur,12753,spouse_of,Who is guinevere's spouse?,plain,anchor_noun,king arthur,spouse_of,True,
King Arthur,12753,spouse_of,Who is king arthur's husband?,title,synonym_noun,king arthur,spouse_of,True,
King Arthur,12753,spouse_of,Who is king arthur and king arthur's spouse?,coordinated,coordinated_possessor,king arthur,spouse_of,True,
King Arthur,12753,child_of,Who is uther's child?,plain,anchor_noun,king arthur,child_of,True,
King Arthur,12753,child_of,Who is king arthur's son?,title,synonym_noun,king arthur,,True,
King Arthur,12753,child_of,Who is uther's child?,plain,anchor_noun,king arthur,child_of,True,
King Arthur,12753,child_of,Who is king arthur's son?,title,synonym_noun,king arthur,,True,
King Arthur,12753,child_of,Who is uther's child?,plain,anchor_noun,king arthur,child_of,True,
King Arthur,12753,child_of,Who is king arthur's son?,title,synonym_noun,king arthur,,True,
King Arthur,12753,child_of,Who is king uther's child?,title,anchor_noun,king arthur,child_of,True,
King Arthur,12753,child_of,Who is king arthur's son?,title,synonym_noun,king arthur,,True,
King Arthur,12753,child_of,Who is igerna's child?,plain,anchor_noun,king arthur,child_of,True,
King Arthur,12753,child_of,Who is king arthur's son?,title,synonym_noun,king arthur,,True,
King Arthur,12753,child_of,Who is father's child?,plain,anchor_noun,merlin,child_of,True,
King Arthur,12753,child_of,Who is merlin's son?,plain,synonym_noun,merlin,,True,
King Arthur,12753,child_of,Who is uther pendragon's child?,plain,anchor_noun,arthur,child_of,True,
King Arthur,12753,child_of,Who is arthur's son?,plain,synonym_noun,arthur,,True,
King Arthur,12753,child_of,Who is sir ector's child?,title,anchor_noun,arthur,child_of,True,
King Arthur,12753,child_of,Who is arthur's son?,plain,synonym_noun,arthur,,True,
King Arthur,12753,child_of,Who is king arthur and king arthur's child?,coordinated,coordinated_possessor,king arthur,child_of,True,
King Arthur,12753,parent_father_of,Who is sir modred's father?,title,anchor_noun,king arthur,parent_father_of,True,
King Arthur,12753,parent_father_of,Who is king arthur's son?,title,synonym_noun,king arthur,,True,
King Arthur,12753,parent_father_of,Who is father's father?,plain,anchor_noun,king arthur,parent_father_of,True,
King Arthur,12753,parent_father_of,Who is king arthur's son?,title,synonym_noun,king arthur,,True,
King Arthur,12753,parent_father_of,Who is lady's father?,plain,anchor_noun,king,parent_father_of,True,
King Arthur,12753,parent_father_of,Who is king's son?,plain,synonym_noun,king,,True,
King Arthur,12753,parent_father_of,Who is la belle isault's father?,particle,anchor_noun,king,parent_father_of,True,
King Arthur,12753,parent_father_of,Who is king's son?,plain,synonym_noun,king,,True,
King Arthur,12753,parent_father_of,Who is percival's father?,plain,anchor_noun,king pellinore,parent_father_of,True,
King Arthur,12753,parent_father_of,Who is king pellinore's son?,title,synonym_noun,king pellinore,,True,
King Arthur,12753,parent_father_of,Who is lamoracke of wales's father?,multiword,anchor_noun,king pellinore,parent_father_of,True,
King Arthur,12753,parent_father_of,Who is king pellinore's son?,title,synonym_noun,king pellinore,,True,
King Arthur,12753,parent_father_of,Who is sir tor's father?,title,anchor_noun,king pellinore,parent_father_of,True,
King Arthur,12753,parent_father_of,Who is king pellinore's son?,title,synonym_noun,king pellinore,,True,
King Arthur,12753,parent_father_of,Who is wounded son's father?,plain,anchor_noun,father,parent_father_of,True,
King Arthur,12753,parent_father_of,Who is father's son?,plain,synonym_noun,father,,True,
King Arthur,12753,parent_father_of,Who is host and joseph of arimathea's father?,coordinated,coordinated_possessor,,parent_father_of,False,EXPECTED (known coordinated-possessor limitation)
King Arthur,12753,parent_mother_of,Who is mother's mother?,plain,anchor_noun,king arthur,parent_mother_of,True,
King Arthur,12753,parent_mother_of,Who is king arthur's son?,title,synonym_noun,king arthur,,True,
King Arthur,12753,parent_mother_of,Who is duke's eldest son's mother?,multiword,anchor_noun,duchess,parent_mother_of,True,
King Arthur,12753,parent_mother_of,Who is duchess's son?,plain,synonym_noun,duchess,,True,
King Arthur,12753,parent_mother_of,Who is my wife's mother?,plain,anchor_noun,he,parent_mother_of,True,
King Arthur,12753,parent_mother_of,Who is he's son?,plain,synonym_noun,he,,True,
King Arthur,12753,parent_mother_of,Who is tristram's mother?,plain,anchor_noun,the queen,parent_mother_of,True,
King Arthur,12753,parent_mother_of,Who is the queen's son?,plain,synonym_noun,the queen,,True,
King Arthur,12753,parent_mother_of,Who is gawain's mother?,plain,anchor_noun,belisent,parent_mother_of,True,
King Arthur,12753,parent_mother_of,Who is belisent's son?,plain,synonym_noun,belisent,,True,
King Arthur,12753,parent_mother_of,Who is gaheris's mother?,plain,anchor_noun,belisent,parent_mother_of,True,
King Arthur,12753,parent_mother_of,Who is belisent's son?,plain,synonym_noun,belisent,,True,
King Arthur,12753,parent_mother_of,Who is agravaine's mother?,plain,anchor_noun,belisent,parent_mother_of,True,
King Arthur,12753,parent_mother_of,Who is belisent's son?,plain,synonym_noun,belisent,,True,
King Arthur,12753,parent_mother_of,Who is gareth's mother?,plain,anchor_noun,belisent,parent_mother_of,True,
King Arthur,12753,parent_mother_of,Who is belisent's son?,plain,synonym_noun,belisent,,True,
King Arthur,12753,friend_of,Who is alfred tennyson's friend?,plain,anchor_noun,sir james knowles,friend_of,True,
King Arthur,12753,friend_of,Who is lord tennyson's friend?,title,anchor_noun,james knowles,friend_of,True,
King Arthur,12753,friend_of,Who is leodegrance's friend?,plain,anchor_noun,arthur,friend_of,True,
King Arthur,12753,friend_of,Who is the best friend thou hast's friend?,multiword,anchor_noun,sir balin,friend_of,True,
King Arthur,12753,friend_of,Who is best friend's friend?,plain,anchor_noun,host,friend_of,True,
King Arthur,12753,friend_of,Who is sir lancelot's friend?,title,anchor_noun,queen guinevere,friend_of,True,
King Arthur,12753,friend_of,Who is queen guinevere's friend?,title,anchor_noun,sir lancelot,friend_of,True,
King Arthur,12753,friend_of,Who is sir bors's friend?,title,anchor_noun,sir lancelot,friend_of,True,
King Arthur,12753,friend_of,Who is queen guinevere and sir baldwin's friend?,coordinated,coordinated_possessor,,friend_of,False,EXPECTED (known coordinated-possessor limitation)
King Arthur,12753,adopted_by,Who is arthur's adopted?,plain,anchor_noun,merlin,adopted_by,True,
King Arthur,12753,adopted_by,Who is sir ector's adopted?,title,anchor_noun,arthur,adopted_by,True,
King Arthur,12753,adopted_by,Who is sir ector's adopted?,title,anchor_noun,arthur,adopted_by,True,
King Arthur,12753,adopted_by,Who is sir ector's adopted?,title,anchor_noun,arthur,adopted_by,True,
King Arthur,12753,adopted_by,Who is sir lancelot's adopted?,title,anchor_noun,queen morgan le fay,adopted_by,True,
King Arthur,12753,adopted_by,Who is arthur's adopted?,plain,anchor_noun,sir ector,adopted_by,True,
King Arthur,12753,adopted_by,Who is arthur's adopted?,plain,anchor_noun,sir ector,adopted_by,True,
King Arthur,12753,adopted_by,Who is arthur's adopted?,plain,anchor_noun,sir ector,adopted_by,True,
King Arthur,12753,adopted_by,Who is merlin and sir ector's adopted?,coordinated,coordinated_possessor,,adopted_by,False,EXPECTED (known coordinated-possessor limitation)
Sons and Lovers,47634,relative_of,Who is hardy's relative?,plain,anchor_noun,mr. lawrence,relative_of,True,
Sons and Lovers,47634,relative_of,Who is hardy's relative?,plain,anchor_noun,mr. lawrence,relative_of,True,
Sons and Lovers,47634,relative_of,Who is meredith's relative?,plain,anchor_noun,mr. lawrence,relative_of,True,
Sons and Lovers,47634,relative_of,Who is meredith's relative?,plain,anchor_noun,mr. lawrence,relative_of,True,
Sons and Lovers,47634,relative_of,Who is paul's relative?,plain,anchor_noun,she,relative_of,True,
Sons and Lovers,47634,relative_of,Who is paul's relative?,plain,anchor_noun,she,relative_of,True,
Sons and Lovers,47634,relative_of,Who is his mother's relative?,plain,anchor_noun,she,relative_of,True,
Sons and Lovers,47634,relative_of,Who is his mother's relative?,plain,anchor_noun,she,relative_of,True,
Sons and Lovers,47634,relative_of,Who is mr. lawrence and mr. lawrence's relative?,coordinated,coordinated_possessor,mr. lawrence,relative_of,True,
Sons and Lovers,47634,spouse_of,Who is she's spouse?,plain,anchor_noun,they,spouse_of,True,
Sons and Lovers,47634,spouse_of,Who is they's husband?,plain,synonym_noun,they,spouse_of,True,
Sons and Lovers,47634,spouse_of,Who is husband's spouse?,plain,anchor_noun,she,spouse_of,True,
Sons and Lovers,47634,spouse_of,Who is she's husband?,plain,synonym_noun,she,spouse_of,True,
Sons and Lovers,47634,spouse_of,Who is him's spouse?,plain,anchor_noun,she,spouse_of,True,
Sons and Lovers,47634,spouse_of,Who is she's husband?,plain,synonym_noun,she,spouse_of,True,
Sons and Lovers,47634,spouse_of,Who is her husband's spouse?,plain,anchor_noun,she,spouse_of,True,
Sons and Lovers,47634,spouse_of,Who is she's husband?,plain,synonym_noun,she,spouse_of,True,
Sons and Lovers,47634,spouse_of,Who is her husband's spouse?,plain,anchor_noun,she,spouse_of,True,
Sons and Lovers,47634,spouse_of,Who is she's husband?,plain,synonym_noun,she,spouse_of,True,
Sons and Lovers,47634,spouse_of,Who is her husband's spouse?,plain,anchor_noun,she,spouse_of,True,
Sons and Lovers,47634,spouse_of,Who is she's husband?,plain,synonym_noun,she,spouse_of,True,
Sons and Lovers,47634,spouse_of,Who is her husband's spouse?,plain,anchor_noun,she,spouse_of,True,
Sons and Lovers,47634,spouse_of,Who is she's husband?,plain,synonym_noun,she,spouse_of,True,
Sons and Lovers,47634,spouse_of,Who is her husband's spouse?,plain,anchor_noun,she,spouse_of,True,
Sons and Lovers,47634,spouse_of,Who is she's husband?,plain,synonym_noun,she,spouse_of,True,
Sons and Lovers,47634,spouse_of,Who is they and he's spouse?,coordinated,coordinated_possessor,they,spouse_of,True,
Sons and Lovers,47634,companion_of,Who is they's companion?,plain,anchor_noun,they,companion_of,True,
Sons and Lovers,47634,companion_of,Who is he's companion?,plain,anchor_noun,she,companion_of,True,
Sons and Lovers,47634,companion_of,Who is he's companion?,plain,anchor_noun,she,companion_of,True,
Sons and Lovers,47634,companion_of,Who is he's companion?,plain,anchor_noun,she,companion_of,True,
Sons and Lovers,47634,companion_of,Who is he's companion?,plain,anchor_noun,she,companion_of,True,
Sons and Lovers,47634,companion_of,Who is he's companion?,plain,anchor_noun,she,companion_of,True,
Sons and Lovers,47634,companion_of,Who is he's companion?,plain,anchor_noun,she,companion_of,True,
Sons and Lovers,47634,companion_of,Who is he's companion?,plain,anchor_noun,she,companion_of,True,
Sons and Lovers,47634,companion_of,Who is she and she's companion?,coordinated,coordinated_possessor,she,companion_of,True,
Sons and Lovers,47634,enemy_of,Who is each other's enemy?,plain,anchor_noun,they,enemy_of,True,
Sons and Lovers,47634,enemy_of,Who is him's enemy?,plain,anchor_noun,she,enemy_of,True,
Sons and Lovers,47634,enemy_of,Who is him's enemy?,plain,anchor_noun,she,enemy_of,True,
Sons and Lovers,47634,enemy_of,Who is her's enemy?,plain,anchor_noun,he,enemy_of,True,
Sons and Lovers,47634,enemy_of,Who is her's enemy?,plain,anchor_noun,he,enemy_of,True,
Sons and Lovers,47634,enemy_of,Who is paul's enemy?,plain,anchor_noun,he,enemy_of,True,
Sons and Lovers,47634,enemy_of,Who is clara's enemy?,plain,anchor_noun,he,enemy_of,True,
Sons and Lovers,47634,enemy_of,Who is dawes's enemy?,plain,anchor_noun,he,enemy_of,True,
Sons and Lovers,47634,enemy_of,Who is she and she's enemy?,coordinated,coordinated_possessor,she,enemy_of,True,
Sons and Lovers,47634,sibling_of,Who is each other's sibling?,plain,anchor_noun,they,sibling_of,True,
Sons and Lovers,47634,sibling_of,Who is they's brother?,plain,synonym_noun,they,sibling_of,True,
Sons and Lovers,47634,sibling_of,Who is william's sibling?,plain,anchor_noun,she,sibling_of,True,
Sons and Lovers,47634,sibling_of,Who is she's brother?,plain,synonym_noun,she,sibling_of,True,
Sons and Lovers,47634,sibling_of,Who is my brother's sibling?,plain,anchor_noun,she,sibling_of,True,
Sons and Lovers,47634,sibling_of,Who is she's brother?,plain,synonym_noun,she,sibling_of,True,
Sons and Lovers,47634,sibling_of,Who is her brother's sibling?,plain,anchor_noun,she,sibling_of,True,
Sons and Lovers,47634,sibling_of,Who is she's brother?,plain,synonym_noun,she,sibling_of,True,
Sons and Lovers,47634,sibling_of,Who is lily's sibling?,plain,anchor_noun,william,sibling_of,True,
Sons and Lovers,47634,sibling_of,Who is william's brother?,plain,synonym_noun,william,sibling_of,True,
Sons and Lovers,47634,sibling_of,Who is paul's sibling?,plain,anchor_noun,william,sibling_of,True,
Sons and Lovers,47634,sibling_of,Who is william's brother?,plain,synonym_noun,william,sibling_of,True,
Sons and Lovers,47634,sibling_of,Who is paul's sibling?,plain,anchor_noun,william,sibling_of,True,
Sons and Lovers,47634,sibling_of,Who is william's brother?,plain,synonym_noun,william,sibling_of,True,
Sons and Lovers,47634,sibling_of,Who is paul's sibling?,plain,anchor_noun,william,sibling_of,True,
Sons and Lovers,47634,sibling_of,Who is william's brother?,plain,synonym_noun,william,sibling_of,True,
Sons and Lovers,47634,sibling_of,Who is she and he's sibling?,coordinated,coordinated_possessor,she,sibling_of,True,
Sons and Lovers,47634,friend_of,Who is he's friend?,plain,anchor_noun,she,friend_of,True,
Sons and Lovers,47634,friend_of,Who is a frenchman's friend?,plain,anchor_noun,william,friend_of,True,
Sons and Lovers,47634,friend_of,Who is men's friend?,plain,anchor_noun,william,friend_of,True,
Sons and Lovers,47634,friend_of,Who is her's friend?,plain,anchor_noun,he,friend_of,True,
Sons and Lovers,47634,friend_of,Who is her's friend?,plain,anchor_noun,he,friend_of,True,
Sons and Lovers,47634,friend_of,Who is she's friend?,plain,anchor_noun,he,friend_of,True,
Sons and Lovers,47634,friend_of,Who is mrs. leivers's friend?,title,anchor_noun,he,friend_of,True,
Sons and Lovers,47634,friend_of,Who is them's friend?,plain,anchor_noun,he,friend_of,True,
Sons and Lovers,47634,friend_of,Who is she and boys's friend?,coordinated,coordinated_possessor,she,friend_of,True,
Sons and Lovers,47634,parent_mother_of,Who is paul's mother?,plain,anchor_noun,she,parent_mother_of,True,
Sons and Lovers,47634,parent_mother_of,Who is she's son?,plain,synonym_noun,she,,True,
Sons and Lovers,47634,parent_mother_of,Who is mother's mother?,plain,anchor_noun,she,parent_mother_of,True,
Sons and Lovers,47634,parent_mother_of,Who is she's son?,plain,synonym_noun,she,,True,
Sons and Lovers,47634,parent_mother_of,Who is him's mother?,plain,anchor_noun,she,parent_mother_of,True,
Sons and Lovers,47634,parent_mother_of,Who is she's son?,plain,synonym_noun,she,,True,
Sons and Lovers,47634,parent_mother_of,Who is my son's mother?,plain,anchor_noun,she,parent_mother_of,True,
Sons and Lovers,47634,parent_mother_of,Who is she's son?,plain,synonym_noun,she,,True,
Sons and Lovers,47634,parent_mother_of,Who is the child's mother?,plain,anchor_noun,she,parent_mother_of,True,
Sons and Lovers,47634,parent_mother_of,Who is she's son?,plain,synonym_noun,she,,True,
Sons and Lovers,47634,parent_mother_of,Who is her son's mother?,plain,anchor_noun,she,parent_mother_of,True,
Sons and Lovers,47634,parent_mother_of,Who is she's son?,plain,synonym_noun,she,,True,
Sons and Lovers,47634,parent_mother_of,Who is her son's mother?,plain,anchor_noun,she,parent_mother_of,True,
Sons and Lovers,47634,parent_mother_of,Who is she's son?,plain,synonym_noun,she,,True,
Sons and Lovers,47634,parent_mother_of,Who is her son's mother?,plain,anchor_noun,she,parent_mother_of,True,
Sons and Lovers,47634,parent_mother_of,Who is she's son?,plain,synonym_noun,she,,True,
Sons and Lovers,47634,parent_mother_of,Who is she and mrs. morel's mother?,coordinated,coordinated_possessor,,parent_mother_of,False,EXPECTED (known coordinated-possessor limitation)
Sons and Lovers,47634,child_of,Who is mother's child?,plain,anchor_noun,she,child_of,True,
Sons and Lovers,47634,child_of,Who is she's son?,plain,synonym_noun,she,,True,
Sons and Lovers,47634,child_of,Who is mother's child?,plain,anchor_noun,she,child_of,True,
Sons and Lovers,47634,child_of,Who is she's son?,plain,synonym_noun,she,,True,
Sons and Lovers,47634,child_of,Who is mother's child?,plain,anchor_noun,she,child_of,True,
Sons and Lovers,47634,child_of,Who is she's son?,plain,synonym_noun,she,,True,
Sons and Lovers,47634,child_of,Who is mother's child?,plain,anchor_noun,she,child_of,True,
Sons and Lovers,47634,child_of,Who is she's son?,plain,synonym_noun,she,,True,
Sons and Lovers,47634,child_of,Who is my mother's child?,plain,anchor_noun,she,child_of,True,
Sons and Lovers,47634,child_of,Who is she's son?,plain,synonym_noun,she,,True,
Sons and Lovers,47634,child_of,Who is her mother's child?,plain,anchor_noun,she,child_of,True,
Sons and Lovers,47634,child_of,Who is she's son?,plain,synonym_noun,she,,True,
Sons and Lovers,47634,child_of,Who is her mother's child?,plain,anchor_noun,she,child_of,True,
Sons and Lovers,47634,child_of,Who is she's son?,plain,synonym_noun,she,,True,
Sons and Lovers,47634,child_of,Who is my father's child?,plain,anchor_noun,she,child_of,True,
Sons and Lovers,47634,child_of,Who is she's son?,plain,synonym_noun,she,,True,
Sons and Lovers,47634,child_of,Who is she and she's child?,coordinated,coordinated_possessor,she,child_of,True,
Sons and Lovers,47634,parent_father_of,Who is him's father?,plain,anchor_noun,she,parent_father_of,True,
Sons and Lovers,47634,parent_father_of,Who is she's son?,plain,synonym_noun,she,,True,
Sons and Lovers,47634,parent_father_of,Who is him's father?,plain,anchor_noun,william,parent_father_of,True,
Sons and Lovers,47634,parent_father_of,Who is william's son?,plain,synonym_noun,william,,True,
Sons and Lovers,47634,parent_father_of,Who is gyp's father?,plain,anchor_noun,he,parent_father_of,True,
Sons and Lovers,47634,parent_father_of,Who is he's son?,plain,synonym_noun,he,,True,
Sons and Lovers,47634,parent_father_of,Who is his lad's father?,plain,anchor_noun,he,parent_father_of,True,
Sons and Lovers,47634,parent_father_of,Who is he's son?,plain,synonym_noun,he,,True,
Sons and Lovers,47634,parent_father_of,Who is my boy's father?,plain,anchor_noun,he,parent_father_of,True,
Sons and Lovers,47634,parent_father_of,Who is he's son?,plain,synonym_noun,he,,True,
Sons and Lovers,47634,parent_father_of,Who is child's father?,plain,anchor_noun,he,parent_father_of,True,
Sons and Lovers,47634,parent_father_of,Who is he's son?,plain,synonym_noun,he,,True,
Sons and Lovers,47634,parent_father_of,Who is my son's father?,plain,anchor_noun,he,parent_father_of,True,
Sons and Lovers,47634,parent_father_of,Who is he's son?,plain,synonym_noun,he,,True,
Sons and Lovers,47634,parent_father_of,Who is my son's father?,plain,anchor_noun,he,parent_father_of,True,
Sons and Lovers,47634,parent_father_of,Who is he's son?,plain,synonym_noun,he,,True,
Sons and Lovers,47634,parent_father_of,Who is she and william's father?,coordinated,coordinated_possessor,she,parent_father_of,True,
Decameron,52617,relative_of,Who is king james's relative?,title,anchor_noun,sir phillip herbert,relative_of,True,
Decameron,52617,relative_of,Who is king james's relative?,title,anchor_noun,sir phillip herbert,relative_of,True,
Decameron,52617,relative_of,Who is earle of montgomery's relative?,multiword,anchor_noun,sir phillip herbert,relative_of,True,
Decameron,52617,relative_of,Who is knight of the most noble order of the garter's relative?,multiword,anchor_noun,sir phillip herbert,relative_of,True,
Decameron,52617,relative_of,Who is bretheren's relative?,plain,anchor_noun,fathers,relative_of,True,
Decameron,52617,relative_of,Who is bretheren's relative?,plain,anchor_noun,fathers,relative_of,True,
Decameron,52617,relative_of,Who is husbands's relative?,plain,anchor_noun,fathers,relative_of,True,
Decameron,52617,relative_of,Who is bretheren's relative?,plain,anchor_noun,mothers,relative_of,True,
Decameron,52617,relative_of,Who is sir phillip herbert and sir phillip herbert's relative?,coordinated,coordinated_possessor,sir phillip herbert,relative_of,True,
Decameron,52617,spouse_of,Who is mothers's spouse?,plain,anchor_noun,fathers,spouse_of,True,
Decameron,52617,spouse_of,Who is fathers's husband?,plain,synonym_noun,fathers,spouse_of,True,
Decameron,52617,spouse_of,Who is mothers's spouse?,plain,anchor_noun,fathers,spouse_of,True,
Decameron,52617,spouse_of,Who is fathers's husband?,plain,synonym_noun,fathers,spouse_of,True,
Decameron,52617,spouse_of,Who is a wealthy merchant's spouse?,multiword,anchor_noun,madam lisetta de caquirino,spouse_of,True,
Decameron,52617,spouse_of,Who is madam lisetta de caquirino's husband?,particle,synonym_noun,madam lisetta de caquirino,spouse_of,True,
Decameron,52617,spouse_of,Who is her husband's spouse?,plain,anchor_noun,her,spouse_of,True,
Decameron,52617,spouse_of,Who is her's husband?,plain,synonym_noun,her,spouse_of,True,
Decameron,52617,spouse_of,Who is jehannot's spouse?,plain,anchor_noun,her,spouse_of,True,
Decameron,52617,spouse_of,Who is her's husband?,plain,synonym_noun,her,spouse_of,True,
Decameron,52617,spouse_of,Who is husband's spouse?,plain,anchor_noun,her,spouse_of,True,
Decameron,52617,spouse_of,Who is her's husband?,plain,synonym_noun,her,spouse_of,True,
Decameron,52617,spouse_of,Who is husbands's spouse?,plain,anchor_noun,her,spouse_of,True,
Decameron,52617,spouse_of,Who is her's husband?,plain,synonym_noun,her,spouse_of,True,
Decameron,52617,spouse_of,Who is husbands's spouse?,plain,anchor_noun,mistresse,spouse_of,True,
Decameron,52617,spouse_of,Who is mistresse's husband?,plain,synonym_noun,mistresse,spouse_of,True,
Decameron,52617,spouse_of,Who is fathers and fathers's spouse?,coordinated,coordinated_possessor,fathers,spouse_of,True,
Decameron,52617,parent_father_of,Who is children's father?,plain,anchor_noun,fathers,parent_father_of,True,
Decameron,52617,parent_father_of,Who is fathers's son?,plain,synonym_noun,fathers,,True,
Decameron,52617,parent_father_of,Who is children's father?,plain,anchor_noun,fathers,parent_father_of,True,
Decameron,52617,parent_father_of,Who is fathers's son?,plain,synonym_noun,fathers,,True,
Decameron,52617,parent_father_of,Who is goodly sonne's father?,plain,anchor_noun,husbands,parent_father_of,True,
Decameron,52617,parent_father_of,Who is husbands's son?,plain,synonym_noun,husbands,,True,
Decameron,52617,parent_father_of,Who is daughter's father?,plain,anchor_noun,king,parent_father_of,True,
Decameron,52617,parent_father_of,Who is king's son?,plain,synonym_noun,king,,True,
Decameron,52617,parent_father_of,Who is daughter's father?,plain,anchor_noun,king,parent_father_of,True,
Decameron,52617,parent_father_of,Who is king's son?,plain,synonym_noun,king,,True,
Decameron,52617,parent_father_of,Who is husband's father?,plain,anchor_noun,king,parent_father_of,True,
Decameron,52617,parent_father_of,Who is king's son?,plain,synonym_noun,king,,True,
Decameron,52617,parent_father_of,Who is princesse's father?,plain,anchor_noun,king,parent_father_of,True,
Decameron,52617,parent_father_of,Who is king's son?,plain,synonym_noun,king,,True,
Decameron,52617,parent_father_of,Who is princesse's father?,plain,anchor_noun,king,parent_father_of,True,
Decameron,52617,parent_father_of,Who is king's son?,plain,synonym_noun,king,,True,
Decameron,52617,parent_father_of,Who is fathers and fathers's father?,coordinated,coordinated_possessor,fathers,parent_father_of,True,
Decameron,52617,parent_mother_of,Who is children's mother?,plain,anchor_noun,mothers,parent_mother_of,True,
Decameron,52617,parent_mother_of,Who is mothers's son?,plain,synonym_noun,mothers,,True,
Decameron,52617,parent_mother_of,Who is children's mother?,plain,anchor_noun,mothers,parent_mother_of,True,
Decameron,52617,parent_mother_of,Who is mothers's son?,plain,synonym_noun,mothers,,True,
Decameron,52617,parent_mother_of,Who is sonne's mother?,plain,anchor_noun,her,parent_mother_of,True,
Decameron,52617,parent_mother_of,Who is her's son?,plain,synonym_noun,her,,True,
Decameron,52617,parent_mother_of,Who is sonne's mother?,plain,anchor_noun,her,parent_mother_of,True,
Decameron,52617,parent_mother_of,Who is her's son?,plain,synonym_noun,her,,True,
Decameron,52617,parent_mother_of,Who is her children's mother?,plain,anchor_noun,her,parent_mother_of,True,
Decameron,52617,parent_mother_of,Who is her's son?,plain,synonym_noun,her,,True,
Decameron,52617,parent_mother_of,Who is his daughter's mother?,plain,anchor_noun,his wife,parent_mother_of,True,
Decameron,52617,parent_mother_of,Who is his wife's son?,plain,synonym_noun,his wife,,True,
Decameron,52617,parent_mother_of,Who is her child's mother?,plain,anchor_noun,his daughter,parent_mother_of,True,
Decameron,52617,parent_mother_of,Who is his daughter's son?,plain,synonym_noun,his daughter,,True,
Decameron,52617,parent_mother_of,Who is daughter's mother?,plain,anchor_noun,i,parent_mother_of,True,
Decameron,52617,parent_mother_of,Who is i's son?,plain,synonym_noun,i,,True,
Decameron,52617,parent_mother_of,Who is mothers and mothers's mother?,coordinated,coordinated_possessor,mothers,parent_mother_of,True,
Decameron,52617,companion_of,Who is philostratus's companion?,plain,anchor_noun,pamphilus,companion_of,True,
Decameron,52617,companion_of,Who is dioneus's companion?,plain,anchor_noun,pamphilus,companion_of,True,
Decameron,52617,companion_of,Who is ladies's companion?,plain,anchor_noun,pamphilus,companion_of,True,
Decameron,52617,companion_of,Who is emillia's companion?,plain,anchor_noun,pamphilus,companion_of,True,
Decameron,52617,companion_of,Who is queene's companion?,plain,anchor_noun,pamphilus,companion_of,True,
Decameron,52617,companion_of,Who is queene's companion?,plain,anchor_noun,pamphilus,companion_of,True,
Decameron,52617,companion_of,Who is neiphila's companion?,plain,anchor_noun,pamphilus,companion_of,True,
Decameron,52617,companion_of,Who is queen's companion?,plain,anchor_noun,pamphilus,companion_of,True,
Decameron,52617,companion_of,Who is pamphilus and pampinea's companion?,coordinated,coordinated_possessor,pamphilus,companion_of,True,
Decameron,52617,sibling_of,Who is philomena's sibling?,plain,anchor_noun,pampinea,sibling_of,True,
Decameron,52617,sibling_of,Who is pampinea's brother?,plain,synonym_noun,pampinea,sibling_of,True,
Decameron,52617,sibling_of,Who is fiammetta's sibling?,plain,anchor_noun,pampinea,sibling_of,True,
Decameron,52617,sibling_of,Who is pampinea's brother?,plain,synonym_noun,pampinea,sibling_of,True,
Decameron,52617,sibling_of,Who is æmilia's sibling?,plain,anchor_noun,pampinea,sibling_of,True,
Decameron,52617,sibling_of,Who is pampinea's brother?,plain,synonym_noun,pampinea,sibling_of,True,
Decameron,52617,sibling_of,Who is lauretta's sibling?,plain,anchor_noun,pampinea,sibling_of,True,
Decameron,52617,sibling_of,Who is pampinea's brother?,plain,synonym_noun,pampinea,sibling_of,True,
Decameron,52617,sibling_of,Who is neiphila's sibling?,plain,anchor_noun,pampinea,sibling_of,True,
Decameron,52617,sibling_of,Who is pampinea's brother?,plain,synonym_noun,pampinea,sibling_of,True,
Decameron,52617,sibling_of,Who is elissa's sibling?,plain,anchor_noun,pampinea,sibling_of,True,
Decameron,52617,sibling_of,Who is pampinea's brother?,plain,synonym_noun,pampinea,sibling_of,True,
Decameron,52617,sibling_of,Who is her brethren's sibling?,plain,anchor_noun,her,sibling_of,True,
Decameron,52617,sibling_of,Who is her's brother?,plain,synonym_noun,her,sibling_of,True,
Decameron,52617,sibling_of,Who is brethren's sibling?,plain,anchor_noun,her,sibling_of,True,
Decameron,52617,sibling_of,Who is her's brother?,plain,synonym_noun,her,sibling_of,True,
Decameron,52617,sibling_of,Who is pampinea and fiammetta's sibling?,coordinated,coordinated_possessor,pampinea,sibling_of,True,
Decameron,52617,enemy_of,Who is lisettaes brethren's enemy?,plain,anchor_noun,albert,enemy_of,True,
Decameron,52617,enemy_of,Who is lisettaes friends's enemy?,plain,anchor_noun,albert,enemy_of,True,
Decameron,52617,enemy_of,Who is me's enemy?,plain,anchor_noun,her,enemy_of,True,
Decameron,52617,enemy_of,Who is brethren's enemy?,plain,anchor_noun,friar albert,enemy_of,True,
Decameron,52617,enemy_of,Who is gentlewomans kindred and friends's enemy?,multiword,anchor_noun,friar albert,enemy_of,True,
Decameron,52617,enemy_of,Who is god cupid's enemy?,plain,anchor_noun,brethren,enemy_of,True,
Decameron,52617,enemy_of,Who is friar's enemy?,plain,anchor_noun,brethren,enemy_of,True,
Decameron,52617,enemy_of,Who is lorenzo's enemy?,plain,anchor_noun,brethren,enemy_of,True,
Decameron,52617,enemy_of,Who is her and your husband's enemy?,coordinated,coordinated_possessor,,enemy_of,False,EXPECTED (known coordinated-possessor limitation)
Decameron,52617,child_of,Who is her father's child?,plain,anchor_noun,her,child_of,True,
Decameron,52617,child_of,Who is her's son?,plain,synonym_noun,her,,True,
Decameron,52617,child_of,Who is father's child?,plain,anchor_noun,her,child_of,True,
Decameron,52617,child_of,Who is her's son?,plain,synonym_noun,her,,True,
Decameron,52617,child_of,Who is my royall father's child?,multiword,anchor_noun,her,child_of,True,
Decameron,52617,child_of,Who is her's son?,plain,synonym_noun,her,,True,
Decameron,52617,child_of,Who is parents's child?,plain,anchor_noun,her,child_of,True,
Decameron,52617,child_of,Who is her's son?,plain,synonym_noun,her,,True,
Decameron,52617,child_of,Who is father aldobrandino's child?,plain,anchor_noun,her,child_of,True,
Decameron,52617,child_of,Who is her's son?,plain,synonym_noun,her,,True,
Decameron,52617,child_of,Who is venus's child?,plain,anchor_noun,cupid,child_of,True,
Decameron,52617,child_of,Who is cupid's son?,plain,synonym_noun,cupid,,True,
Decameron,52617,child_of,Who is father's child?,plain,anchor_noun,brethren,child_of,True,
Decameron,52617,child_of,Who is brethren's son?,plain,synonym_noun,brethren,,True,
Decameron,52617,child_of,Who is mother's child?,plain,anchor_noun,brethren,child_of,True,
Decameron,52617,child_of,Who is brethren's son?,plain,synonym_noun,brethren,,True,
Decameron,52617,child_of,Who is her and gabriello's child?,coordinated,coordinated_possessor,her,child_of,True,
Decameron,52617,friend_of,Who is pedro's friend?,plain,anchor_noun,her,friend_of,True,
Decameron,52617,friend_of,Who is her poore affrighted friend's friend?,multiword,anchor_noun,her,friend_of,True,
Decameron,52617,friend_of,Who is madam philomena's friend?,plain,anchor_noun,madam pampinea,friend_of,True,
Decameron,52617,friend_of,Who is her's friend?,plain,anchor_noun,her owne friend,friend_of,True,
Decameron,52617,friend_of,Who is folco's friend?,plain,anchor_noun,restagnone,friend_of,True,
Decameron,52617,friend_of,Who is hugnetto's friend?,plain,anchor_noun,restagnone,friend_of,True,
Decameron,52617,friend_of,Who is hugnetto's friend?,plain,anchor_noun,folco,friend_of,True,
Decameron,52617,friend_of,Who is he's friend?,plain,anchor_noun,kind friends,friend_of,True,
Decameron,52617,friend_of,Who is her and angelina's friend?,coordinated,coordinated_possessor,her,friend_of,True,
Decameron,52617,adopted_by,Who is jacomino of pavia's adopted?,multiword,anchor_noun,daughter,adopted_by,True,
Decameron,52617,adopted_by,Who is jacomino of pavia's adopted?,multiword,anchor_noun,guidotto of cremona,adopted_by,True,
Decameron,52617,adopted_by,Who is mayden's adopted?,plain,anchor_noun,guidotto,adopted_by,True,
Decameron,52617,adopted_by,Who is maide's adopted?,plain,anchor_noun,guidotto,adopted_by,True,
Decameron,52617,adopted_by,Who is jacomino's adopted?,plain,anchor_noun,bernardino,adopted_by,True,
Decameron,52617,adopted_by,Who is phineo's adopted?,plain,anchor_noun,violenta,adopted_by,True,
Decameron,52617,adopted_by,Who is gianetta's adopted?,plain,anchor_noun,violenta,adopted_by,True,
Decameron,52617,adopted_by,Who is violenta's adopted?,plain,anchor_noun,phineo,adopted_by,True,
Decameron,52617,adopted_by,Who is daughter and guidotto of cremona's adopted?,coordinated,coordinated_possessor,,adopted_by,False,EXPECTED (known coordinated-possessor limitation)
Rhinegold,73548,companion_of,Who is sigurd's companion?,plain,anchor_noun,regin,companion_of,True,
Rhinegold,73548,companion_of,Who is brynhildr's companion?,plain,anchor_noun,sigurd,companion_of,True,
Rhinegold,73548,companion_of,Who is alberich's companion?,plain,anchor_noun,wotan,companion_of,True,
Rhinegold,73548,companion_of,Who is erda's companion?,plain,anchor_noun,wotan,companion_of,True,
Rhinegold,73548,companion_of,Who is erda's companion?,plain,anchor_noun,wotan,companion_of,True,
Rhinegold,73548,companion_of,Who is logi's companion?,plain,anchor_noun,wotan,companion_of,True,
Rhinegold,73548,companion_of,Who is logi's companion?,plain,anchor_noun,wotan,companion_of,True,
Rhinegold,73548,companion_of,Who is logi's companion?,plain,anchor_noun,wotan,companion_of,True,
Rhinegold,73548,companion_of,Who is wotan and fafner's companion?,coordinated,coordinated_possessor,wotan,companion_of,True,
Rhinegold,73548,relative_of,Who is mime's relative?,plain,anchor_noun,regin,relative_of,True,
Rhinegold,73548,relative_of,Who is friea's relative?,plain,anchor_noun,wotan,relative_of,True,
Rhinegold,73548,relative_of,Who is volsungs's relative?,plain,anchor_noun,wotan,relative_of,True,
Rhinegold,73548,relative_of,Who is volsungs's relative?,plain,anchor_noun,wotan,relative_of,True,
Rhinegold,73548,relative_of,Who is brünnhilde's relative?,plain,anchor_noun,wotan,relative_of,True,
Rhinegold,73548,relative_of,Who is odin's relative?,plain,anchor_noun,wotan,relative_of,True,
Rhinegold,73548,relative_of,Who is rhine children's relative?,plain,anchor_noun,wotan,relative_of,True,
Rhinegold,73548,relative_of,Who is urðr's relative?,plain,anchor_noun,erda,relative_of,True,
Rhinegold,73548,relative_of,Who is regin and siegfried's relative?,coordinated,coordinated_possessor,regin,relative_of,True,
Rhinegold,73548,enemy_of,Who is regin's enemy?,plain,anchor_noun,sigurd,enemy_of,True,
Rhinegold,73548,enemy_of,Who is regin's enemy?,plain,anchor_noun,sigurd,enemy_of,True,
Rhinegold,73548,enemy_of,Who is volsung's enemy?,plain,anchor_noun,wotan,enemy_of,True,
Rhinegold,73548,enemy_of,Who is hunding's enemy?,plain,anchor_noun,wotan,enemy_of,True,
Rhinegold,73548,enemy_of,Who is hunding's enemy?,plain,anchor_noun,wotan,enemy_of,True,
Rhinegold,73548,enemy_of,Who is hunding's enemy?,plain,anchor_noun,wotan,enemy_of,True,
Rhinegold,73548,enemy_of,Who is alberich's enemy?,plain,anchor_noun,wotan,enemy_of,True,
Rhinegold,73548,enemy_of,Who is alberich's enemy?,plain,anchor_noun,wotan,enemy_of,True,
Rhinegold,73548,enemy_of,Who is sigurd and sigurd's enemy?,coordinated,coordinated_possessor,sigurd,enemy_of,True,
Rhinegold,73548,sibling_of,Who is siegfried's sibling?,plain,anchor_noun,sigurd,sibling_of,True,
Rhinegold,73548,sibling_of,Who is sigurd's brother?,plain,synonym_noun,sigurd,sibling_of,True,
Rhinegold,73548,sibling_of,Who is sinfiotli's sibling?,plain,anchor_noun,sigurd,sibling_of,True,
Rhinegold,73548,sibling_of,Who is sigurd's brother?,plain,synonym_noun,sigurd,sibling_of,True,
Rhinegold,73548,sibling_of,Who is sister's sibling?,plain,anchor_noun,her,sibling_of,True,
Rhinegold,73548,sibling_of,Who is her's brother?,plain,synonym_noun,her,sibling_of,True,
Rhinegold,73548,sibling_of,Who is logi's sibling?,plain,anchor_noun,friea,sibling_of,True,
Rhinegold,73548,sibling_of,Who is friea's brother?,plain,synonym_noun,friea,sibling_of,True,
Rhinegold,73548,sibling_of,Who is fasolt's sibling?,plain,anchor_noun,fafner,sibling_of,True,
Rhinegold,73548,sibling_of,Who is fafner's brother?,plain,synonym_noun,fafner,sibling_of,True,
Rhinegold,73548,sibling_of,Who is fasolt's sibling?,plain,anchor_noun,fafner,sibling_of,True,
Rhinegold,73548,sibling_of,Who is fafner's brother?,plain,synonym_noun,fafner,sibling_of,True,
Rhinegold,73548,sibling_of,Who is fafner's sibling?,plain,anchor_noun,fasolt,sibling_of,True,
Rhinegold,73548,sibling_of,Who is fasolt's brother?,plain,synonym_noun,fasolt,sibling_of,True,
Rhinegold,73548,sibling_of,Who is fafner's sibling?,plain,anchor_noun,fasolt,sibling_of,True,
Rhinegold,73548,sibling_of,Who is fasolt's brother?,plain,synonym_noun,fasolt,sibling_of,True,
Rhinegold,73548,sibling_of,Who is sigurd and gutrune's sibling?,coordinated,coordinated_possessor,sigurd,sibling_of,True,
Rhinegold,73548,parent_father_of,Who is walküres's father?,plain,anchor_noun,wotan,parent_father_of,True,
Rhinegold,73548,parent_father_of,Who is wotan's son?,plain,synonym_noun,wotan,,True,
Rhinegold,73548,parent_father_of,Who is volsungs's father?,plain,anchor_noun,wotan,parent_father_of,True,
Rhinegold,73548,parent_father_of,Who is wotan's son?,plain,synonym_noun,wotan,,True,
Rhinegold,73548,parent_father_of,Who is brünnhilde's father?,plain,anchor_noun,wotan,parent_father_of,True,
Rhinegold,73548,parent_father_of,Who is wotan's son?,plain,synonym_noun,wotan,,True,
Rhinegold,73548,parent_father_of,Who is brünnhilde's father?,plain,anchor_noun,wotan,parent_father_of,True,
Rhinegold,73548,parent_father_of,Who is wotan's son?,plain,synonym_noun,wotan,,True,
Rhinegold,73548,parent_father_of,Who is brünnhilde's father?,plain,anchor_noun,wotan,parent_father_of,True,
Rhinegold,73548,parent_father_of,Who is wotan's son?,plain,synonym_noun,wotan,,True,
Rhinegold,73548,parent_father_of,Who is brünnhilde's father?,plain,anchor_noun,wotan,parent_father_of,True,
Rhinegold,73548,parent_father_of,Who is wotan's son?,plain,synonym_noun,wotan,,True,
Rhinegold,73548,parent_father_of,Who is brünnhilde's father?,plain,anchor_noun,wotan,parent_father_of,True,
Rhinegold,73548,parent_father_of,Who is wotan's son?,plain,synonym_noun,wotan,,True,
Rhinegold,73548,parent_father_of,Who is brünnhilde's father?,plain,anchor_noun,wotan,parent_father_of,True,
Rhinegold,73548,parent_father_of,Who is wotan's son?,plain,synonym_noun,wotan,,True,
Rhinegold,73548,parent_father_of,Who is wotan and wanderer's father?,coordinated,coordinated_possessor,wotan,parent_father_of,True,
Rhinegold,73548,spouse_of,Who is fricka's spouse?,plain,anchor_noun,wotan,spouse_of,True,
Rhinegold,73548,spouse_of,Who is wotan's husband?,plain,synonym_noun,wotan,spouse_of,True,
Rhinegold,73548,spouse_of,Who is fricka's spouse?,plain,anchor_noun,wotan,spouse_of,True,
Rhinegold,73548,spouse_of,Who is wotan's husband?,plain,synonym_noun,wotan,spouse_of,True,
Rhinegold,73548,spouse_of,Who is hunding's spouse?,plain,anchor_noun,sieglinde,spouse_of,True,
Rhinegold,73548,spouse_of,Who is sieglinde's husband?,plain,synonym_noun,sieglinde,spouse_of,True,
Rhinegold,73548,spouse_of,Who is siegmund's spouse?,plain,anchor_noun,sieglinde,spouse_of,True,
Rhinegold,73548,spouse_of,Who is sieglinde's husband?,plain,synonym_noun,sieglinde,spouse_of,True,
Rhinegold,73548,spouse_of,Who is her husband's spouse?,plain,anchor_noun,sieglinde,spouse_of,True,
Rhinegold,73548,spouse_of,Who is sieglinde's husband?,plain,synonym_noun,sieglinde,spouse_of,True,
Rhinegold,73548,spouse_of,Who is sieglinde's spouse?,plain,anchor_noun,hunding,spouse_of,True,
Rhinegold,73548,spouse_of,Who is hunding's husband?,plain,synonym_noun,hunding,spouse_of,True,
Rhinegold,73548,spouse_of,Who is sieglinde's spouse?,plain,anchor_noun,hunding,spouse_of,True,
Rhinegold,73548,spouse_of,Who is hunding's husband?,plain,synonym_noun,hunding,spouse_of,True,
Rhinegold,73548,spouse_of,Who is sieglinde's spouse?,plain,anchor_noun,hunding,spouse_of,True,
Rhinegold,73548,spouse_of,Who is hunding's husband?,plain,synonym_noun,hunding,spouse_of,True,
Rhinegold,73548,spouse_of,Who is wotan and wotan's spouse?,coordinated,coordinated_possessor,wotan,spouse_of,True,
Rhinegold,73548,parent_mother_of,Who is mother of the norns's mother?,multiword,anchor_noun,erda,parent_mother_of,True,
Rhinegold,73548,parent_mother_of,Who is erda's son?,plain,synonym_noun,erda,,True,
Rhinegold,73548,parent_mother_of,"Who is all beings, divine and human's mother?",multiword,anchor_noun,erda,parent_mother_of,True,
Rhinegold,73548,parent_mother_of,Who is erda's son?,plain,synonym_noun,erda,,True,
Rhinegold,73548,parent_mother_of,Who is the nornir's mother?,plain,anchor_noun,erda,parent_mother_of,True,
Rhinegold,73548,parent_mother_of,Who is erda's son?,plain,synonym_noun,erda,,True,
Rhinegold,73548,parent_mother_of,Who is norns's mother?,plain,anchor_noun,erda,parent_mother_of,True,
Rhinegold,73548,parent_mother_of,Who is erda's son?,plain,synonym_noun,erda,,True,
Rhinegold,73548,parent_mother_of,Who is gods's mother?,plain,anchor_noun,erda,parent_mother_of,True,
Rhinegold,73548,parent_mother_of,Who is erda's son?,plain,synonym_noun,erda,,True,
Rhinegold,73548,parent_mother_of,Who is men's mother?,plain,anchor_noun,erda,parent_mother_of,True,
Rhinegold,73548,parent_mother_of,Who is erda's son?,plain,synonym_noun,erda,,True,
Rhinegold,73548,parent_mother_of,Who is siegfried's mother?,plain,anchor_noun,sieglinde,parent_mother_of,True,
Rhinegold,73548,parent_mother_of,Who is sieglinde's son?,plain,synonym_noun,sieglinde,,True,
Rhinegold,73548,parent_mother_of,Who is siegfried's mother?,plain,anchor_noun,sieglinde,parent_mother_of,True,
Rhinegold,73548,parent_mother_of,Who is sieglinde's son?,plain,synonym_noun,sieglinde,,True,
Rhinegold,73548,parent_mother_of,Who is sieglinde and sieglinde's mother?,coordinated,coordinated_possessor,sieglinde,parent_mother_of,True,
Rhinegold,73548,friend_of,Who is mime's friend?,plain,anchor_noun,logi,friend_of,True,
Rhinegold,73548,friend_of,Who is mime's friend?,plain,anchor_noun,logi,friend_of,True,
Rhinegold,73548,friend_of,Who is nibelung's friend?,plain,anchor_noun,logi,friend_of,True,
Rhinegold,73548,friend_of,Who is dwarf's friend?,plain,anchor_noun,logi,friend_of,True,
Rhinegold,73548,friend_of,Who is gunther's friend?,plain,anchor_noun,siegfried,friend_of,True,
Rhinegold,73548,friend_of,Who is logi and logi's friend?,coordinated,coordinated_possessor,logi,friend_of,True,
Rhinegold,73548,child_of,Who is volsungs's child?,plain,anchor_noun,siegmund,child_of,True,
Rhinegold,73548,child_of,Who is siegmund's son?,plain,synonym_noun,siegmund,,True,
Rhinegold,73548,child_of,Who is the boy's child?,plain,anchor_noun,siegmund,child_of,True,
Rhinegold,73548,child_of,Who is siegmund's son?,plain,synonym_noun,siegmund,,True,
Rhinegold,73548,child_of,Who is volse's child?,plain,anchor_noun,siegmund,child_of,True,
Rhinegold,73548,child_of,Who is siegmund's son?,plain,synonym_noun,siegmund,,True,
Rhinegold,73548,child_of,Who is volse's child?,plain,anchor_noun,siegmund,child_of,True,
Rhinegold,73548,child_of,Who is siegmund's son?,plain,synonym_noun,siegmund,,True,
Rhinegold,73548,child_of,Who is mime's child?,plain,anchor_noun,the boy,child_of,True,
Rhinegold,73548,child_of,Who is the boy's son?,plain,synonym_noun,the boy,,True,
Rhinegold,73548,child_of,Who is his mother's child?,plain,anchor_noun,the boy,child_of,True,
Rhinegold,73548,child_of,Who is the boy's son?,plain,synonym_noun,the boy,,True,
Rhinegold,73548,child_of,Who is siegmund's child?,plain,anchor_noun,siegfried,child_of,True,
Rhinegold,73548,child_of,Who is siegfried's son?,plain,synonym_noun,siegfried,,True,
Rhinegold,73548,child_of,Who is siegmund's child?,plain,anchor_noun,siegfried,child_of,True,
Rhinegold,73548,child_of,Who is siegfried's son?,plain,synonym_noun,siegfried,,True,
Rhinegold,73548,child_of,Who is siegmund and siegmund's child?,coordinated,coordinated_possessor,siegmund,child_of,True,
Rhinegold,73548,adopted_by,Who is mime's adopted?,plain,anchor_noun,siegfried,adopted_by,True,
Rhinegold,73548,adopted_by,Who is mime's adopted?,plain,anchor_noun,siegfried,adopted_by,True,
Rhinegold,73548,adopted_by,Who is mime's adopted?,plain,anchor_noun,siegfried,adopted_by,True,
Rhinegold,73548,adopted_by,Who is mime's adopted?,plain,anchor_noun,siegfried,adopted_by,True,
Rhinegold,73548,adopted_by,Who is siegfried's adopted?,plain,anchor_noun,mime,adopted_by,True,
Rhinegold,73548,adopted_by,Who is siegfried and siegfried's adopted?,coordinated,coordinated_possessor,siegfried,adopted_by,True,
Felix Holt (baseline),40882,companion_of,Who is christian's companion?,plain,anchor_noun,felix holt,companion_of,True,
Felix Holt (baseline),40882,companion_of,Who is christian's companion?,plain,anchor_noun,felix holt,companion_of,True,
Felix Holt (baseline),40882,companion_of,Who is johnson's companion?,plain,anchor_noun,felix holt,companion_of,True,
Felix Holt (baseline),40882,companion_of,Who is sproxton men's companion?,plain,anchor_noun,felix holt,companion_of,True,
Felix Holt (baseline),40882,companion_of,Who is mr. lyon's companion?,title,anchor_noun,felix holt,companion_of,True,
Felix Holt (baseline),40882,companion_of,Who is she's companion?,plain,anchor_noun,felix holt,companion_of,True,
Felix Holt (baseline),40882,companion_of,Who is esther's companion?,plain,anchor_noun,felix holt,companion_of,True,
Felix Holt (baseline),40882,companion_of,Who is mike brindle's companion?,plain,anchor_noun,felix holt,companion_of,True,
Felix Holt (baseline),40882,companion_of,Who is felix holt and felix holt's companion?,coordinated,coordinated_possessor,felix holt,companion_of,True,
Felix Holt (baseline),40882,relative_of,Who is johnson's relative?,plain,anchor_noun,felix holt,relative_of,True,
Felix Holt (baseline),40882,relative_of,Who is jermyn's relative?,plain,anchor_noun,felix holt,relative_of,True,
Felix Holt (baseline),40882,relative_of,Who is mr. lyon's relative?,title,anchor_noun,felix holt,relative_of,True,
Felix Holt (baseline),40882,relative_of,Who is harold transome's relative?,plain,anchor_noun,felix holt,relative_of,True,
Felix Holt (baseline),40882,relative_of,Who is my father's relative?,plain,anchor_noun,felix holt,relative_of,True,
Felix Holt (baseline),40882,relative_of,Who is home secretary's relative?,plain,anchor_noun,felix holt,relative_of,True,
Felix Holt (baseline),40882,relative_of,Who is durfey-transomes's relative?,plain,anchor_noun,harold transome,relative_of,True,
Felix Holt (baseline),40882,relative_of,Who is durfey-transomes's relative?,plain,anchor_noun,harold transome,relative_of,True,
Felix Holt (baseline),40882,relative_of,Who is felix holt and thomas transome's relative?,coordinated,coordinated_possessor,,relative_of,False,EXPECTED (known coordinated-possessor limitation)
Felix Holt (baseline),40882,child_of,Who is mrs. holt's child?,title,anchor_noun,felix holt,child_of,True,
Felix Holt (baseline),40882,child_of,Who is felix holt's son?,plain,synonym_noun,felix holt,,True,
Felix Holt (baseline),40882,child_of,Who is mrs. holt's child?,title,anchor_noun,felix holt,child_of,True,
Felix Holt (baseline),40882,child_of,Who is felix holt's son?,plain,synonym_noun,felix holt,,True,
Felix Holt (baseline),40882,child_of,Who is his mother's child?,plain,anchor_noun,felix holt,child_of,True,
Felix Holt (baseline),40882,child_of,Who is felix holt's son?,plain,synonym_noun,felix holt,,True,
Felix Holt (baseline),40882,child_of,Who is his mother's child?,plain,anchor_noun,felix holt,child_of,True,
Felix Holt (baseline),40882,child_of,Who is felix holt's son?,plain,synonym_noun,felix holt,,True,
Felix Holt (baseline),40882,child_of,Who is his mother's child?,plain,anchor_noun,felix holt,child_of,True,
Felix Holt (baseline),40882,child_of,Who is felix holt's son?,plain,synonym_noun,felix holt,,True,
Felix Holt (baseline),40882,child_of,Who is his father's child?,plain,anchor_noun,felix holt,child_of,True,
Felix Holt (baseline),40882,child_of,Who is felix holt's son?,plain,synonym_noun,felix holt,,True,
Felix Holt (baseline),40882,child_of,Who is his mother's child?,plain,anchor_noun,harold transome,child_of,True,
Felix Holt (baseline),40882,child_of,Who is harold transome's son?,plain,synonym_noun,harold transome,,True,
Felix Holt (baseline),40882,child_of,Who is his mother's child?,plain,anchor_noun,harold transome,child_of,True,
Felix Holt (baseline),40882,child_of,Who is harold transome's son?,plain,synonym_noun,harold transome,,True,
Felix Holt (baseline),40882,child_of,Who is felix holt and felix holt's child?,coordinated,coordinated_possessor,felix holt,child_of,True,
Felix Holt (baseline),40882,friend_of,Who is esther's friend?,plain,anchor_noun,felix holt,friend_of,True,
Felix Holt (baseline),40882,friend_of,Who is felix holt's friend?,plain,anchor_noun,esther,friend_of,True,
Felix Holt (baseline),40882,friend_of,Who is felix's friend?,plain,anchor_noun,esther,friend_of,True,
Felix Holt (baseline),40882,friend_of,Who is esther's friend?,plain,anchor_noun,mr. lyon,friend_of,True,
Felix Holt (baseline),40882,friend_of,Who is felix's friend?,plain,anchor_noun,mr. lyon,friend_of,True,
Felix Holt (baseline),40882,friend_of,Who is mrs. holt's friend?,title,anchor_noun,mr. lyon,friend_of,True,
Felix Holt (baseline),40882,friend_of,Who is my mother's friend?,plain,anchor_noun,mr. lyon,friend_of,True,
Felix Holt (baseline),40882,friend_of,Who is you's friend?,plain,anchor_noun,mr. lyon,friend_of,True,
Felix Holt (baseline),40882,friend_of,Who is felix holt and mr. lyon's friend?,coordinated,coordinated_possessor,,friend_of,False,EXPECTED (known coordinated-possessor limitation)
Felix Holt (baseline),40882,adopted_by,Who is esther's adopted?,plain,anchor_noun,felix holt,adopted_by,True,
Felix Holt (baseline),40882,adopted_by,Who is her father's adopted?,plain,anchor_noun,esther,adopted_by,True,
Felix Holt (baseline),40882,adopted_by,Who is her real father's adopted?,multiword,anchor_noun,esther,adopted_by,True,
Felix Holt (baseline),40882,adopted_by,Who is bycliffe's adopted?,plain,anchor_noun,esther,adopted_by,True,
Felix Holt (baseline),40882,adopted_by,Who is esther's adopted?,plain,anchor_noun,mr. lyon,adopted_by,True,
Felix Holt (baseline),40882,adopted_by,Who is esther's adopted?,plain,anchor_noun,mr. lyon,adopted_by,True,
Felix Holt (baseline),40882,adopted_by,Who is mrs. holt's adopted?,title,anchor_noun,felix,adopted_by,True,
Felix Holt (baseline),40882,adopted_by,Who is job's adopted?,plain,anchor_noun,felix,adopted_by,True,
Felix Holt (baseline),40882,adopted_by,Who is felix holt and mr. lyon's adopted?,coordinated,coordinated_possessor,,adopted_by,False,EXPECTED (known coordinated-possessor limitation)
Felix Holt (baseline),40882,spouse_of,Who is esther's spouse?,plain,anchor_noun,felix holt,spouse_of,True,
Felix Holt (baseline),40882,spouse_of,Who is felix holt's husband?,plain,synonym_noun,felix holt,spouse_of,True,
Felix Holt (baseline),40882,spouse_of,Who is mrs. harold transome's spouse?,title,anchor_noun,harold transome,spouse_of,True,
Felix Holt (baseline),40882,spouse_of,Who is harold transome's husband?,plain,synonym_noun,harold transome,spouse_of,True,
Felix Holt (baseline),40882,spouse_of,Who is felix's spouse?,plain,anchor_noun,esther,spouse_of,True,
Felix Holt (baseline),40882,spouse_of,Who is esther's husband?,plain,synonym_noun,esther,spouse_of,True,
Felix Holt (baseline),40882,spouse_of,Who is harold transome's spouse?,plain,anchor_noun,esther,spouse_of,True,
Felix Holt (baseline),40882,spouse_of,Who is esther's husband?,plain,synonym_noun,esther,spouse_of,True,
Felix Holt (baseline),40882,spouse_of,Who is husband's spouse?,plain,anchor_noun,esther,spouse_of,True,
Felix Holt (baseline),40882,spouse_of,Who is esther's husband?,plain,synonym_noun,esther,spouse_of,True,
Felix Holt (baseline),40882,spouse_of,Who is her husband's spouse?,plain,anchor_noun,esther,spouse_of,True,
Felix Holt (baseline),40882,spouse_of,Who is esther's husband?,plain,synonym_noun,esther,spouse_of,True,
Felix Holt (baseline),40882,spouse_of,Who is esther's spouse?,plain,anchor_noun,mr. lyon,spouse_of,True,
Felix Holt (baseline),40882,spouse_of,Who is mr. lyon's husband?,title,synonym_noun,mr. lyon,spouse_of,True,
Felix Holt (baseline),40882,spouse_of,Who is mistress holt's spouse?,plain,anchor_noun,mr. lyon,spouse_of,True,
Felix Holt (baseline),40882,spouse_of,Who is mr. lyon's husband?,title,synonym_noun,mr. lyon,spouse_of,True,
Felix Holt (baseline),40882,spouse_of,Who is felix holt and mr. lyon's spouse?,coordinated,coordinated_possessor,,spouse_of,False,EXPECTED (known coordinated-possessor limitation)
Felix Holt (baseline),40882,enemy_of,Who is jermyn's enemy?,plain,anchor_noun,harold transome,enemy_of,True,
Felix Holt (baseline),40882,enemy_of,Who is jermyn's enemy?,plain,anchor_noun,harold transome,enemy_of,True,
Felix Holt (baseline),40882,enemy_of,Who is jermyn's enemy?,plain,anchor_noun,harold transome,enemy_of,True,
Felix Holt (baseline),40882,enemy_of,Who is johnson's enemy?,plain,anchor_noun,harold transome,enemy_of,True,
Felix Holt (baseline),40882,enemy_of,Who is matthew jermyn's enemy?,plain,anchor_noun,harold transome,enemy_of,True,
Felix Holt (baseline),40882,enemy_of,Who is jermyn's enemy?,plain,anchor_noun,harold,enemy_of,True,
Felix Holt (baseline),40882,enemy_of,Who is jermyn's enemy?,plain,anchor_noun,harold,enemy_of,True,
Felix Holt (baseline),40882,enemy_of,Who is jermyn's enemy?,plain,anchor_noun,harold,enemy_of,True,
Felix Holt (baseline),40882,enemy_of,Who is harold transome and harold transome's enemy?,coordinated,coordinated_possessor,harold transome,enemy_of,True,
Felix Holt (baseline),40882,parent_father_of,Who is gypsy-eyed boy's father?,plain,anchor_noun,harold transome,parent_father_of,True,
Felix Holt (baseline),40882,parent_father_of,Who is harold transome's son?,plain,synonym_noun,harold transome,,True,
Felix Holt (baseline),40882,parent_father_of,Who is mr. lyon's father?,title,anchor_noun,esther,parent_father_of,True,
Felix Holt (baseline),40882,parent_father_of,Who is esther's son?,plain,synonym_noun,esther,,True,
Felix Holt (baseline),40882,parent_father_of,Who is mr. lyon's father?,title,anchor_noun,esther,parent_father_of,True,
Felix Holt (baseline),40882,parent_father_of,Who is esther's son?,plain,synonym_noun,esther,,True,
Felix Holt (baseline),40882,parent_father_of,Who is esther's father?,plain,anchor_noun,mr. lyon,parent_father_of,True,
Felix Holt (baseline),40882,parent_father_of,Who is mr. lyon's son?,title,synonym_noun,mr. lyon,,True,
Felix Holt (baseline),40882,parent_father_of,Who is esther's father?,plain,anchor_noun,mr. lyon,parent_father_of,True,
Felix Holt (baseline),40882,parent_father_of,Who is mr. lyon's son?,title,synonym_noun,mr. lyon,,True,
Felix Holt (baseline),40882,parent_father_of,Who is esther's father?,plain,anchor_noun,mr. lyon,parent_father_of,True,
Felix Holt (baseline),40882,parent_father_of,Who is mr. lyon's son?,title,synonym_noun,mr. lyon,,True,
Felix Holt (baseline),40882,parent_father_of,Who is esther's father?,plain,anchor_noun,mr. lyon,parent_father_of,True,
Felix Holt (baseline),40882,parent_father_of,Who is mr. lyon's son?,title,synonym_noun,mr. lyon,,True,
Felix Holt (baseline),40882,parent_father_of,Who is esther's father?,plain,anchor_noun,mr. lyon,parent_father_of,True,
Felix Holt (baseline),40882,parent_father_of,Who is mr. lyon's son?,title,synonym_noun,mr. lyon,,True,
Felix Holt (baseline),40882,parent_father_of,Who is esther and esther's father?,coordinated,coordinated_possessor,esther,parent_father_of,True,
Felix Holt (baseline),40882,sibling_of,Who is her elder son's sibling?,multiword,anchor_noun,harold transome,sibling_of,True,
Felix Holt (baseline),40882,sibling_of,Who is harold transome's brother?,plain,synonym_noun,harold transome,sibling_of,True,
Felix Holt (baseline),40882,sibling_of,Who is durfey's sibling?,plain,anchor_noun,harold transome,sibling_of,True,
Felix Holt (baseline),40882,sibling_of,Who is harold transome's brother?,plain,synonym_noun,harold transome,sibling_of,True,
Felix Holt (baseline),40882,sibling_of,Who is lyddy's sibling?,plain,anchor_noun,esther,sibling_of,True,
Felix Holt (baseline),40882,sibling_of,Who is esther's brother?,plain,synonym_noun,esther,sibling_of,True,
Felix Holt (baseline),40882,sibling_of,Who is father's elder brother's sibling?,multiword,anchor_noun,father,sibling_of,True,
Felix Holt (baseline),40882,sibling_of,Who is father's brother?,plain,synonym_noun,father,sibling_of,True,
Felix Holt (baseline),40882,sibling_of,Who is elder brother's sibling?,plain,anchor_noun,father,sibling_of,True,
Felix Holt (baseline),40882,sibling_of,Who is father's brother?,plain,synonym_noun,father,sibling_of,True,
Felix Holt (baseline),40882,sibling_of,Who is scapegrace brother durfey's sibling?,multiword,anchor_noun,harold,sibling_of,True,
Felix Holt (baseline),40882,sibling_of,Who is harold's brother?,plain,synonym_noun,harold,sibling_of,True,
Felix Holt (baseline),40882,sibling_of,Who is durfey's sibling?,plain,anchor_noun,harold,sibling_of,True,
Felix Holt (baseline),40882,sibling_of,Who is harold's brother?,plain,synonym_noun,harold,sibling_of,True,
Felix Holt (baseline),40882,sibling_of,Who is the rector's sibling?,plain,anchor_noun,christian,sibling_of,True,
Felix Holt (baseline),40882,sibling_of,Who is christian's brother?,plain,synonym_noun,christian,sibling_of,True,
Felix Holt (baseline),40882,sibling_of,Who is harold transome and harold's sibling?,coordinated,coordinated_possessor,harold transome,sibling_of,True,
Felix Holt (baseline),40882,parent_mother_of,Who is harold's mother?,plain,anchor_noun,his mother,parent_mother_of,True,
Felix Holt (baseline),40882,parent_mother_of,Who is his mother's son?,plain,synonym_noun,his mother,,True,
Felix Holt (baseline),40882,parent_mother_of,Who is harold's mother?,plain,anchor_noun,his mother,parent_mother_of,True,
Felix Holt (baseline),40882,parent_mother_of,Who is his mother's son?,plain,synonym_noun,his mother,,True,
Felix Holt (baseline),40882,parent_mother_of,Who is him's mother?,plain,anchor_noun,his mother,parent_mother_of,True,
Felix Holt (baseline),40882,parent_mother_of,Who is his mother's son?,plain,synonym_noun,his mother,,True,
Felix Holt (baseline),40882,parent_mother_of,Who is another son's mother?,plain,anchor_noun,his mother,parent_mother_of,True,
Felix Holt (baseline),40882,parent_mother_of,Who is his mother's son?,plain,synonym_noun,his mother,,True,
Felix Holt (baseline),40882,parent_mother_of,Who is felix holt's mother?,plain,anchor_noun,his mother,parent_mother_of,True,
Felix Holt (baseline),40882,parent_mother_of,Who is his mother's son?,plain,synonym_noun,his mother,,True,
Felix Holt (baseline),40882,parent_mother_of,Who is he's mother?,plain,anchor_noun,his mother,parent_mother_of,True,
Felix Holt (baseline),40882,parent_mother_of,Who is his mother's son?,plain,synonym_noun,his mother,,True,
Felix Holt (baseline),40882,parent_mother_of,Who is the child's mother?,plain,anchor_noun,mother,parent_mother_of,True,
Felix Holt (baseline),40882,parent_mother_of,Who is mother's son?,plain,synonym_noun,mother,,True,
Felix Holt (baseline),40882,parent_mother_of,Who is son's mother?,plain,anchor_noun,mother,parent_mother_of,True,
Felix Holt (baseline),40882,parent_mother_of,Who is mother's son?,plain,synonym_noun,mother,,True,
Felix Holt (baseline),40882,parent_mother_of,Who is his mother and his mother's mother?,coordinated,coordinated_possessor,his mother,parent_mother_of,True,
Tarzan (positive control),106,companion_of,Who is tarzan's companion?,plain,anchor_noun,taug,companion_of,True,
Tarzan (positive control),106,companion_of,Who is tarzan's companion?,plain,anchor_noun,taug,companion_of,True,
Tarzan (positive control),106,companion_of,Who is tarzan's companion?,plain,anchor_noun,taug,companion_of,True,
Tarzan (positive control),106,companion_of,Who is tarzan's companion?,plain,anchor_noun,taug,companion_of,True,
Tarzan (positive control),106,companion_of,Who is tarzan's companion?,plain,anchor_noun,taug,companion_of,True,
Tarzan (positive control),106,companion_of,Who is tarzan's companion?,plain,anchor_noun,taug,companion_of,True,
Tarzan (positive control),106,companion_of,Who is tarzan's companion?,plain,anchor_noun,taug,companion_of,True,
Tarzan (positive control),106,companion_of,Who is tarzan's companion?,plain,anchor_noun,taug,companion_of,True,
Tarzan (positive control),106,companion_of,Who is taug and taug's companion?,coordinated,coordinated_possessor,taug,companion_of,True,
Tarzan (positive control),106,enemy_of,Who is tarzan's enemy?,plain,anchor_noun,taug,enemy_of,True,
Tarzan (positive control),106,enemy_of,Who is tarzan's enemy?,plain,anchor_noun,taug,enemy_of,True,
Tarzan (positive control),106,enemy_of,Who is sheeta's enemy?,plain,anchor_noun,taug,enemy_of,True,
Tarzan (positive control),106,enemy_of,Who is sheeta's enemy?,plain,anchor_noun,taug,enemy_of,True,
Tarzan (positive control),106,enemy_of,Who is sheeta's enemy?,plain,anchor_noun,taug,enemy_of,True,
Tarzan (positive control),106,enemy_of,Who is numa's enemy?,plain,anchor_noun,taug,enemy_of,True,
Tarzan (positive control),106,enemy_of,Who is numa's enemy?,plain,anchor_noun,taug,enemy_of,True,
Tarzan (positive control),106,enemy_of,Who is numa's enemy?,plain,anchor_noun,taug,enemy_of,True,
Tarzan (positive control),106,enemy_of,Who is taug and taug's enemy?,coordinated,coordinated_possessor,taug,enemy_of,True,
Tarzan (positive control),106,friend_of,Who is tarzan's friend?,plain,anchor_noun,taug,friend_of,True,
Tarzan (positive control),106,friend_of,Who is tarzan's friend?,plain,anchor_noun,taug,friend_of,True,
Tarzan (positive control),106,friend_of,Who is tarzan's friend?,plain,anchor_noun,taug,friend_of,True,
Tarzan (positive control),106,friend_of,Who is tantor's friend?,plain,anchor_noun,tarzan,friend_of,True,
Tarzan (positive control),106,friend_of,Who is tantor's friend?,plain,anchor_noun,tarzan,friend_of,True,
Tarzan (positive control),106,friend_of,Who is taug's friend?,plain,anchor_noun,tarzan,friend_of,True,
Tarzan (positive control),106,friend_of,Who is taug's friend?,plain,anchor_noun,tarzan,friend_of,True,
Tarzan (positive control),106,friend_of,Who is taug's friend?,plain,anchor_noun,tarzan,friend_of,True,
Tarzan (positive control),106,friend_of,Who is taug and taug's friend?,coordinated,coordinated_possessor,taug,friend_of,True,
Tarzan (positive control),106,spouse_of,Who is teeka's spouse?,plain,anchor_noun,taug,spouse_of,True,
Tarzan (positive control),106,spouse_of,Who is taug's husband?,plain,synonym_noun,taug,spouse_of,True,
Tarzan (positive control),106,spouse_of,Who is teeka's spouse?,plain,anchor_noun,taug,spouse_of,True,
Tarzan (positive control),106,spouse_of,Who is taug's husband?,plain,synonym_noun,taug,spouse_of,True,
Tarzan (positive control),106,spouse_of,Who is teeka's spouse?,plain,anchor_noun,taug,spouse_of,True,
Tarzan (positive control),106,spouse_of,Who is taug's husband?,plain,synonym_noun,taug,spouse_of,True,
Tarzan (positive control),106,spouse_of,Who is teeka's spouse?,plain,anchor_noun,taug,spouse_of,True,
Tarzan (positive control),106,spouse_of,Who is taug's husband?,plain,synonym_noun,taug,spouse_of,True,
Tarzan (positive control),106,spouse_of,Who is teeka's spouse?,plain,anchor_noun,taug,spouse_of,True,
Tarzan (positive control),106,spouse_of,Who is taug's husband?,plain,synonym_noun,taug,spouse_of,True,
Tarzan (positive control),106,spouse_of,Who is teeka's spouse?,plain,anchor_noun,taug,spouse_of,True,
Tarzan (positive control),106,spouse_of,Who is taug's husband?,plain,synonym_noun,taug,spouse_of,True,
Tarzan (positive control),106,spouse_of,Who is teeka's spouse?,plain,anchor_noun,tarzan,spouse_of,True,
Tarzan (positive control),106,spouse_of,Who is tarzan's husband?,plain,synonym_noun,tarzan,spouse_of,True,
Tarzan (positive control),106,spouse_of,Who is sabor's spouse?,plain,anchor_noun,tarzan,spouse_of,True,
Tarzan (positive control),106,spouse_of,Who is tarzan's husband?,plain,synonym_noun,tarzan,spouse_of,True,
Tarzan (positive control),106,spouse_of,Who is taug and taug's spouse?,coordinated,coordinated_possessor,taug,spouse_of,True,
Tarzan (positive control),106,sibling_of,Who is teeka's sibling?,plain,anchor_noun,taug,sibling_of,True,
Tarzan (positive control),106,sibling_of,Who is taug's brother?,plain,synonym_noun,taug,sibling_of,True,
Tarzan (positive control),106,sibling_of,Who is taug's sibling?,plain,anchor_noun,tarzan,sibling_of,True,
Tarzan (positive control),106,sibling_of,Who is tarzan's brother?,plain,synonym_noun,tarzan,sibling_of,True,
Tarzan (positive control),106,sibling_of,Who is taug's sibling?,plain,anchor_noun,gunto,sibling_of,True,
Tarzan (positive control),106,sibling_of,Who is gunto's brother?,plain,synonym_noun,gunto,sibling_of,True,
Tarzan (positive control),106,sibling_of,Who is brothers's sibling?,plain,anchor_noun,his,sibling_of,True,
Tarzan (positive control),106,sibling_of,Who is his's brother?,plain,synonym_noun,his,sibling_of,True,
Tarzan (positive control),106,sibling_of,Who is sisters's sibling?,plain,anchor_noun,his,sibling_of,True,
Tarzan (positive control),106,sibling_of,Who is his's brother?,plain,synonym_noun,his,sibling_of,True,
Tarzan (positive control),106,sibling_of,Who is go-bu-balu's sibling?,plain,anchor_noun,tibo,sibling_of,True,
Tarzan (positive control),106,sibling_of,Who is tibo's brother?,plain,synonym_noun,tibo,sibling_of,True,
Tarzan (positive control),106,sibling_of,Who is tarzan and gunto's sibling?,coordinated,coordinated_possessor,tarzan,sibling_of,True,
Tarzan (positive control),106,parent_father_of,Who is balu's father?,plain,anchor_noun,taug,parent_father_of,True,
Tarzan (positive control),106,parent_father_of,Who is taug's son?,plain,synonym_noun,taug,,True,
Tarzan (positive control),106,parent_father_of,Who is gazan's father?,plain,anchor_noun,taug,parent_father_of,True,
Tarzan (positive control),106,parent_father_of,Who is taug's son?,plain,synonym_noun,taug,,True,
Tarzan (positive control),106,parent_father_of,Who is gazan's father?,plain,anchor_noun,taug,parent_father_of,True,
Tarzan (positive control),106,parent_father_of,Who is taug's son?,plain,synonym_noun,taug,,True,
Tarzan (positive control),106,parent_father_of,Who is gazan's father?,plain,anchor_noun,taug,parent_father_of,True,
Tarzan (positive control),106,parent_father_of,Who is taug's son?,plain,synonym_noun,taug,,True,
Tarzan (positive control),106,parent_father_of,Who is gazan's father?,plain,anchor_noun,taug,parent_father_of,True,
Tarzan (positive control),106,parent_father_of,Who is taug's son?,plain,synonym_noun,taug,,True,
Tarzan (positive control),106,parent_father_of,Who is gazan's father?,plain,anchor_noun,taug,parent_father_of,True,
Tarzan (positive control),106,parent_father_of,Who is taug's son?,plain,synonym_noun,taug,,True,
Tarzan (positive control),106,parent_father_of,Who is gazan's father?,plain,anchor_noun,taug,parent_father_of,True,
Tarzan (positive control),106,parent_father_of,Who is taug's son?,plain,synonym_noun,taug,,True,
Tarzan (positive control),106,parent_father_of,Who is gazan's father?,plain,anchor_noun,taug,parent_father_of,True,
Tarzan (positive control),106,parent_father_of,Who is taug's son?,plain,synonym_noun,taug,,True,
Tarzan (positive control),106,parent_father_of,Who is taug and tarzan's father?,coordinated,coordinated_possessor,taug,parent_father_of,True,
Tarzan (positive control),106,relative_of,Who is bara's relative?,plain,anchor_noun,taug,relative_of,True,
Tarzan (positive control),106,relative_of,Who is kala's relative?,plain,anchor_noun,tarzan,relative_of,True,
Tarzan (positive control),106,relative_of,Who is kala's relative?,plain,anchor_noun,tarzan,relative_of,True,
Tarzan (positive control),106,relative_of,Who is kala's relative?,plain,anchor_noun,tarzan,relative_of,True,
Tarzan (positive control),106,relative_of,Who is kala's relative?,plain,anchor_noun,tarzan,relative_of,True,
Tarzan (positive control),106,relative_of,Who is kala's relative?,plain,anchor_noun,tarzan,relative_of,True,
Tarzan (positive control),106,relative_of,Who is taug's relative?,plain,anchor_noun,tarzan,relative_of,True,
Tarzan (positive control),106,relative_of,Who is taug's relative?,plain,anchor_noun,tarzan,relative_of,True,
Tarzan (positive control),106,relative_of,Who is taug and tarzan's relative?,coordinated,coordinated_possessor,taug,relative_of,True,
Tarzan (positive control),106,adopted_by,Who is kala's adopted?,plain,anchor_noun,tarzan,adopted_by,True,
Tarzan (positive control),106,adopted_by,Who is kala's adopted?,plain,anchor_noun,tarzan,adopted_by,True,
Tarzan (positive control),106,adopted_by,Who is apes's adopted?,plain,anchor_noun,tarzan,adopted_by,True,
Tarzan (positive control),106,adopted_by,Who is tublat's adopted?,plain,anchor_noun,tarzan,adopted_by,True,
Tarzan (positive control),106,adopted_by,Who is balu's adopted?,plain,anchor_noun,tarzan,adopted_by,True,
Tarzan (positive control),106,adopted_by,Who is tibo's adopted?,plain,anchor_noun,tarzan,adopted_by,True,
Tarzan (positive control),106,adopted_by,Who is tibo's adopted?,plain,anchor_noun,tarzan,adopted_by,True,
Tarzan (positive control),106,adopted_by,Who is go-bu-balu's adopted?,plain,anchor_noun,tarzan,adopted_by,True,
Tarzan (positive control),106,adopted_by,Who is tarzan and tarzan's adopted?,coordinated,coordinated_possessor,tarzan,adopted_by,True,
Tarzan (positive control),106,child_of,Who is kala's child?,plain,anchor_noun,tarzan,child_of,True,
Tarzan (positive control),106,child_of,Who is tarzan's son?,plain,synonym_noun,tarzan,,True,
Tarzan (positive control),106,child_of,Who is kala's child?,plain,anchor_noun,tarzan,child_of,True,
Tarzan (positive control),106,child_of,Who is tarzan's son?,plain,synonym_noun,tarzan,,True,
Tarzan (positive control),106,child_of,Who is kala's child?,plain,anchor_noun,tarzan,child_of,True,
Tarzan (positive control),106,child_of,Who is tarzan's son?,plain,synonym_noun,tarzan,,True,
Tarzan (positive control),106,child_of,Who is kala's child?,plain,anchor_noun,tarzan,child_of,True,
Tarzan (positive control),106,child_of,Who is tarzan's son?,plain,synonym_noun,tarzan,,True,
Tarzan (positive control),106,child_of,Who is tarzan of the apes's child?,multiword,anchor_noun,tarzan,child_of,True,
Tarzan (positive control),106,child_of,Who is tarzan's son?,plain,synonym_noun,tarzan,,True,
Tarzan (positive control),106,child_of,Who is father's child?,plain,anchor_noun,tarzan,child_of,True,
Tarzan (positive control),106,child_of,Who is tarzan's son?,plain,synonym_noun,tarzan,,True,
Tarzan (positive control),106,child_of,Who is father's child?,plain,anchor_noun,tarzan,child_of,True,
Tarzan (positive control),106,child_of,Who is tarzan's son?,plain,synonym_noun,tarzan,,True,
Tarzan (positive control),106,child_of,Who is tublat's child?,plain,anchor_noun,tarzan,child_of,True,
Tarzan (positive control),106,child_of,Who is tarzan's son?,plain,synonym_noun,tarzan,,True,
Tarzan (positive control),106,child_of,Who is tarzan and tarzan's child?,coordinated,coordinated_possessor,tarzan,child_of,True,
Tarzan (positive control),106,parent_mother_of,Who is balu's mother?,plain,anchor_noun,teeka,parent_mother_of,True,
Tarzan (positive control),106,parent_mother_of,Who is teeka's son?,plain,synonym_noun,teeka,,True,
Tarzan (positive control),106,parent_mother_of,Who is balu's mother?,plain,anchor_noun,teeka,parent_mother_of,True,
Tarzan (positive control),106,parent_mother_of,Who is teeka's son?,plain,synonym_noun,teeka,,True,
Tarzan (positive control),106,parent_mother_of,Who is balu's mother?,plain,anchor_noun,teeka,parent_mother_of,True,
Tarzan (positive control),106,parent_mother_of,Who is teeka's son?,plain,synonym_noun,teeka,,True,
Tarzan (positive control),106,parent_mother_of,Who is balu's mother?,plain,anchor_noun,teeka,parent_mother_of,True,
Tarzan (positive control),106,parent_mother_of,Who is teeka's son?,plain,synonym_noun,teeka,,True,
Tarzan (positive control),106,parent_mother_of,Who is balu's mother?,plain,anchor_noun,teeka,parent_mother_of,True,
Tarzan (positive control),106,parent_mother_of,Who is teeka's son?,plain,synonym_noun,teeka,,True,
Tarzan (positive control),106,parent_mother_of,Who is balu's mother?,plain,anchor_noun,teeka,parent_mother_of,True,
Tarzan (positive control),106,parent_mother_of,Who is teeka's son?,plain,synonym_noun,teeka,,True,
Tarzan (positive control),106,parent_mother_of,Who is baby's mother?,plain,anchor_noun,teeka,parent_mother_of,True,
Tarzan (positive control),106,parent_mother_of,Who is teeka's son?,plain,synonym_noun,teeka,,True,
Tarzan (positive control),106,parent_mother_of,Who is baby's mother?,plain,anchor_noun,teeka,parent_mother_of,True,
Tarzan (positive control),106,parent_mother_of,Who is teeka's son?,plain,synonym_noun,teeka,,True,
Tarzan (positive control),106,parent_mother_of,Who is teeka and teeka's mother?,coordinated,coordinated_possessor,teeka,parent_mother_of,True,
